Text_ID	ID	Title	Date	Body	Term	Session	Meeting	Sitting	Agenda	Subcorpus	Lang	Speaker_role	Speaker_MP	Speaker_minister	Speaker_party	Speaker_party_name	Party_status	Party_orientation	Speaker_ID	Speaker_name	Speaker_gender	Speaker_birth
ParlaMint-HU-en_2015-06-10	u2015-06-10-0	Hungarian parliamentary corpus ParlaMint-HU, legislative session of 2015 spring, meeting 36, day 3, 2015-06-10 [ParlaMint.ana]	2015-06-10	Unicameralism	7. ciklus	-	36. ülés	3. ülésnap	-	Reference	English	Chairperson	MP	notMinister	Fidesz-frakció	Parliamentary group of the Fidesz – Hungarian Civic Alliance in the 7th parliamentary term	Coalition	Right to far-right	LezsakSandor	Lezsák, Sándor	M	1949	
ParlaMint-HU-en_2015-06-10	u2015-06-10-1	Hungarian parliamentary corpus ParlaMint-HU, legislative session of 2015 spring, meeting 36, day 3, 2015-06-10 [ParlaMint.ana]	2015-06-10	Unicameralism	7. ciklus	-	36. ülés	3. ülésnap	-	Reference	English	Guest	notMP	notMinister	-	-	-	-	NemethLaszlone	Németh, Lászlóné	F	1953	
ParlaMint-HU-en_2015-06-10	u2015-06-10-2	Hungarian parliamentary corpus ParlaMint-HU, legislative session of 2015 spring, meeting 36, day 3, 2015-06-10 [ParlaMint.ana]	2015-06-10	Unicameralism	7. ciklus	-	36. ülés	3. ülésnap	-	Reference	English	Chairperson	MP	notMinister	Fidesz-frakció	Parliamentary group of the Fidesz – Hungarian Civic Alliance in the 7th parliamentary term	Coalition	Right to far-right	LezsakSandor	Lezsák, Sándor	M	1949	
ParlaMint-HU-en_2015-06-10	u2015-06-10-3	Hungarian parliamentary corpus ParlaMint-HU, legislative session of 2015 spring, meeting 36, day 3, 2015-06-10 [ParlaMint.ana]	2015-06-10	Unicameralism	7. ciklus	-	36. ülés	3. ülésnap	-	Reference	English	Regular	MP	notMinister	Fidesz-frakció	Parliamentary group of the Fidesz – Hungarian Civic Alliance in the 7th parliamentary term	Coalition	Right to far-right	SzucsLajos	Szűcs, Lajos	M	1964	
ParlaMint-HU-en_2015-06-10	u2015-06-10-4	Hungarian parliamentary corpus ParlaMint-HU, legislative session of 2015 spring, meeting 36, day 3, 2015-06-10 [ParlaMint.ana]	2015-06-10	Unicameralism	7. ciklus	-	36. ülés	3. ülésnap	-	Reference	English	Chairperson	MP	notMinister	Fidesz-frakció	Parliamentary group of the Fidesz – Hungarian Civic Alliance in the 7th parliamentary term	Coalition	Right to far-right	LezsakSandor	Lezsák, Sándor	M	1949	
ParlaMint-HU-en_2015-06-10	u2015-06-10-5	Hungarian parliamentary corpus ParlaMint-HU, legislative session of 2015 spring, meeting 36, day 3, 2015-06-10 [ParlaMint.ana]	2015-06-10	Unicameralism	7. ciklus	-	36. ülés	3. ülésnap	-	Reference	English	Regular	MP	notMinister	MSZP-frakció	Parliamentary group of the Hungarian Socialist Party in the 7th parliamentary term	Opposition	Centre-left	SzakacsLaszlo	Szakács, László	M	1975	
ParlaMint-HU-en_2015-06-10	u2015-06-10-6	Hungarian parliamentary corpus ParlaMint-HU, legislative session of 2015 spring, meeting 36, day 3, 2015-06-10 [ParlaMint.ana]	2015-06-10	Unicameralism	7. ciklus	-	36. ülés	3. ülésnap	-	Reference	English	Chairperson	MP	notMinister	Fidesz-frakció	Parliamentary group of the Fidesz – Hungarian Civic Alliance in the 7th parliamentary term	Coalition	Right to far-right	LezsakSandor	Lezsák, Sándor	M	1949	
ParlaMint-HU-en_2015-06-10	u2015-06-10-7	Hungarian parliamentary corpus ParlaMint-HU, legislative session of 2015 spring, meeting 36, day 3, 2015-06-10 [ParlaMint.ana]	2015-06-10	Unicameralism	7. ciklus	-	36. ülés	3. ülésnap	-	Reference	English	Regular	MP	notMinister	LMP-frakció	Parliamentary group of the Politics Can be Different in the 7th parliamentary term	Opposition	Centre to centre-left	SchmuckErzsebet	Schmuck, Erzsébet	F	1954	
ParlaMint-HU-en_2015-06-10	u2015-06-10-8	Hungarian parliamentary corpus ParlaMint-HU, legislative session of 2015 spring, meeting 36, day 3, 2015-06-10 [ParlaMint.ana]	2015-06-10	Unicameralism	7. ciklus	-	36. ülés	3. ülésnap	-	Reference	English	Chairperson	MP	notMinister	Fidesz-frakció	Parliamentary group of the Fidesz – Hungarian Civic Alliance in the 7th parliamentary term	Coalition	Right to far-right	LezsakSandor	Lezsák, Sándor	M	1949	
ParlaMint-HU-en_2015-06-10	u2015-06-10-9	Hungarian parliamentary corpus ParlaMint-HU, legislative session of 2015 spring, meeting 36, day 3, 2015-06-10 [ParlaMint.ana]	2015-06-10	Unicameralism	7. ciklus	-	36. ülés	3. ülésnap	-	Reference	English	Regular	MP	notMinister	Fidesz-frakció	Parliamentary group of the Fidesz – Hungarian Civic Alliance in the 7th parliamentary term	Coalition	Right to far-right	SzucsLajos	Szűcs, Lajos	M	1964	
ParlaMint-HU-en_2015-06-10	u2015-06-10-10	Hungarian parliamentary corpus ParlaMint-HU, legislative session of 2015 spring, meeting 36, day 3, 2015-06-10 [ParlaMint.ana]	2015-06-10	Unicameralism	7. ciklus	-	36. ülés	3. ülésnap	-	Reference	English	Chairperson	MP	notMinister	Fidesz-frakció	Parliamentary group of the Fidesz – Hungarian Civic Alliance in the 7th parliamentary term	Coalition	Right to far-right	LezsakSandor	Lezsák, Sándor	M	1949	
ParlaMint-HU-en_2015-06-10	u2015-06-10-11	Hungarian parliamentary corpus ParlaMint-HU, legislative session of 2015 spring, meeting 36, day 3, 2015-06-10 [ParlaMint.ana]	2015-06-10	Unicameralism	7. ciklus	-	36. ülés	3. ülésnap	-	Reference	English	Regular	MP	notMinister	MSZP-frakció	Parliamentary group of the Hungarian Socialist Party in the 7th parliamentary term	Opposition	Centre-left	SzakacsLaszlo	Szakács, László	M	1975	
ParlaMint-HU-en_2015-06-10	u2015-06-10-12	Hungarian parliamentary corpus ParlaMint-HU, legislative session of 2015 spring, meeting 36, day 3, 2015-06-10 [ParlaMint.ana]	2015-06-10	Unicameralism	7. ciklus	-	36. ülés	3. ülésnap	-	Reference	English	Chairperson	MP	notMinister	Fidesz-frakció	Parliamentary group of the Fidesz – Hungarian Civic Alliance in the 7th parliamentary term	Coalition	Right to far-right	LezsakSandor	Lezsák, Sándor	M	1949	
ParlaMint-HU-en_2015-06-10	u2015-06-10-13	Hungarian parliamentary corpus ParlaMint-HU, legislative session of 2015 spring, meeting 36, day 3, 2015-06-10 [ParlaMint.ana]	2015-06-10	Unicameralism	7. ciklus	-	36. ülés	3. ülésnap	-	Reference	English	Guest	notMP	notMinister	-	-	-	-	NemethLaszlone	Németh, Lászlóné	F	1953	
ParlaMint-HU-en_2015-06-10	u2015-06-10-14	Hungarian parliamentary corpus ParlaMint-HU, legislative session of 2015 spring, meeting 36, day 3, 2015-06-10 [ParlaMint.ana]	2015-06-10	Unicameralism	7. ciklus	-	36. ülés	3. ülésnap	-	Reference	English	Chairperson	MP	notMinister	Fidesz-frakció	Parliamentary group of the Fidesz – Hungarian Civic Alliance in the 7th parliamentary term	Coalition	Right to far-right	LezsakSandor	Lezsák, Sándor	M	1949	
ParlaMint-HU-en_2015-06-10	u2015-06-10-15	Hungarian parliamentary corpus ParlaMint-HU, legislative session of 2015 spring, meeting 36, day 3, 2015-06-10 [ParlaMint.ana]	2015-06-10	Unicameralism	7. ciklus	-	36. ülés	3. ülésnap	-	Reference	English	Guest	notMP	notMinister	-	-	-	-	NemethLaszlone	Németh, Lászlóné	F	1953	
ParlaMint-HU-en_2015-06-10	u2015-06-10-16	Hungarian parliamentary corpus ParlaMint-HU, legislative session of 2015 spring, meeting 36, day 3, 2015-06-10 [ParlaMint.ana]	2015-06-10	Unicameralism	7. ciklus	-	36. ülés	3. ülésnap	-	Reference	English	Chairperson	MP	notMinister	Fidesz-frakció	Parliamentary group of the Fidesz – Hungarian Civic Alliance in the 7th parliamentary term	Coalition	Right to far-right	LezsakSandor	Lezsák, Sándor	M	1949	
ParlaMint-HU-en_2015-06-10	u2015-06-10-17	Hungarian parliamentary corpus ParlaMint-HU, legislative session of 2015 spring, meeting 36, day 3, 2015-06-10 [ParlaMint.ana]	2015-06-10	Unicameralism	7. ciklus	-	36. ülés	3. ülésnap	-	Reference	English	Regular	MP	notMinister	Fidesz-frakció	Parliamentary group of the Fidesz – Hungarian Civic Alliance in the 7th parliamentary term	Coalition	Right to far-right	GelencserAttila	Gelencsér, Attila	M	1968	
ParlaMint-HU-en_2015-06-10	u2015-06-10-18	Hungarian parliamentary corpus ParlaMint-HU, legislative session of 2015 spring, meeting 36, day 3, 2015-06-10 [ParlaMint.ana]	2015-06-10	Unicameralism	7. ciklus	-	36. ülés	3. ülésnap	-	Reference	English	Chairperson	MP	notMinister	Fidesz-frakció	Parliamentary group of the Fidesz – Hungarian Civic Alliance in the 7th parliamentary term	Coalition	Right to far-right	LezsakSandor	Lezsák, Sándor	M	1949	
ParlaMint-HU-en_2015-06-10	u2015-06-10-19	Hungarian parliamentary corpus ParlaMint-HU, legislative session of 2015 spring, meeting 36, day 3, 2015-06-10 [ParlaMint.ana]	2015-06-10	Unicameralism	7. ciklus	-	36. ülés	3. ülésnap	-	Reference	English	Regular	MP	notMinister	MSZP-frakció	Parliamentary group of the Hungarian Socialist Party in the 7th parliamentary term	Opposition	Centre-left	SzakacsLaszlo	Szakács, László	M	1975	
ParlaMint-HU-en_2015-06-10	u2015-06-10-20	Hungarian parliamentary corpus ParlaMint-HU, legislative session of 2015 spring, meeting 36, day 3, 2015-06-10 [ParlaMint.ana]	2015-06-10	Unicameralism	7. ciklus	-	36. ülés	3. ülésnap	-	Reference	English	Chairperson	MP	notMinister	Fidesz-frakció	Parliamentary group of the Fidesz – Hungarian Civic Alliance in the 7th parliamentary term	Coalition	Right to far-right	LezsakSandor	Lezsák, Sándor	M	1949	
ParlaMint-HU-en_2015-06-10	u2015-06-10-21	Hungarian parliamentary corpus ParlaMint-HU, legislative session of 2015 spring, meeting 36, day 3, 2015-06-10 [ParlaMint.ana]	2015-06-10	Unicameralism	7. ciklus	-	36. ülés	3. ülésnap	-	Reference	English	Guest	notMP	notMinister	-	-	-	-	NemethLaszlone	Németh, Lászlóné	F	1953	
ParlaMint-HU-en_2015-06-10	u2015-06-10-22	Hungarian parliamentary corpus ParlaMint-HU, legislative session of 2015 spring, meeting 36, day 3, 2015-06-10 [ParlaMint.ana]	2015-06-10	Unicameralism	7. ciklus	-	36. ülés	3. ülésnap	-	Reference	English	Chairperson	MP	notMinister	Fidesz-frakció	Parliamentary group of the Fidesz – Hungarian Civic Alliance in the 7th parliamentary term	Coalition	Right to far-right	LezsakSandor	Lezsák, Sándor	M	1949	
ParlaMint-HU-en_2015-06-10	u2015-06-10-23	Hungarian parliamentary corpus ParlaMint-HU, legislative session of 2015 spring, meeting 36, day 3, 2015-06-10 [ParlaMint.ana]	2015-06-10	Unicameralism	7. ciklus	-	36. ülés	3. ülésnap	-	Reference	English	Regular	MP	notMinister	KNDP-frakció	Parliamentary group of the Christian Democratic People's Party in the 7th parliamentary term	Coalition	Right	VejkeyImre	Vejkey, Imre	M	1964	
ParlaMint-HU-en_2015-06-10	u2015-06-10-24	Hungarian parliamentary corpus ParlaMint-HU, legislative session of 2015 spring, meeting 36, day 3, 2015-06-10 [ParlaMint.ana]	2015-06-10	Unicameralism	7. ciklus	-	36. ülés	3. ülésnap	-	Reference	English	Chairperson	MP	notMinister	Fidesz-frakció	Parliamentary group of the Fidesz – Hungarian Civic Alliance in the 7th parliamentary term	Coalition	Right to far-right	LezsakSandor	Lezsák, Sándor	M	1949	
ParlaMint-HU-en_2015-06-10	u2015-06-10-25	Hungarian parliamentary corpus ParlaMint-HU, legislative session of 2015 spring, meeting 36, day 3, 2015-06-10 [ParlaMint.ana]	2015-06-10	Unicameralism	7. ciklus	-	36. ülés	3. ülésnap	-	Reference	English	Regular	MP	notMinister	Fidesz-frakció	Parliamentary group of the Fidesz – Hungarian Civic Alliance in the 7th parliamentary term	Coalition	Right to far-right	RepassyRobert	Répássy, Róbert	M	1968	
ParlaMint-HU-en_2015-06-10	u2015-06-10-26	Hungarian parliamentary corpus ParlaMint-HU, legislative session of 2015 spring, meeting 36, day 3, 2015-06-10 [ParlaMint.ana]	2015-06-10	Unicameralism	7. ciklus	-	36. ülés	3. ülésnap	-	Reference	English	Chairperson	MP	notMinister	Fidesz-frakció	Parliamentary group of the Fidesz – Hungarian Civic Alliance in the 7th parliamentary term	Coalition	Right to far-right	LezsakSandor	Lezsák, Sándor	M	1949	
ParlaMint-HU-en_2015-06-10	u2015-06-10-27	Hungarian parliamentary corpus ParlaMint-HU, legislative session of 2015 spring, meeting 36, day 3, 2015-06-10 [ParlaMint.ana]	2015-06-10	Unicameralism	7. ciklus	-	36. ülés	3. ülésnap	-	Reference	English	Regular	MP	notMinister	Fidesz-frakció	Parliamentary group of the Fidesz – Hungarian Civic Alliance in the 7th parliamentary term	Coalition	Right to far-right	VitanyiIstvan	Vitányi, István	M	1952	
ParlaMint-HU-en_2015-06-10	u2015-06-10-28	Hungarian parliamentary corpus ParlaMint-HU, legislative session of 2015 spring, meeting 36, day 3, 2015-06-10 [ParlaMint.ana]	2015-06-10	Unicameralism	7. ciklus	-	36. ülés	3. ülésnap	-	Reference	English	Chairperson	MP	notMinister	MSZP-frakció	Parliamentary group of the Hungarian Socialist Party in the 7th parliamentary term	Opposition	Centre-left	HillerIstvan	Hiller, István	M	1964	
ParlaMint-HU-en_2015-06-10	u2015-06-10-29	Hungarian parliamentary corpus ParlaMint-HU, legislative session of 2015 spring, meeting 36, day 3, 2015-06-10 [ParlaMint.ana]	2015-06-10	Unicameralism	7. ciklus	-	36. ülés	3. ülésnap	-	Reference	English	Regular	MP	notMinister	MSZP-frakció	Parliamentary group of the Hungarian Socialist Party in the 7th parliamentary term	Opposition	Centre-left	KorozsLajos	Korózs, Lajos	M	1958	
ParlaMint-HU-en_2015-06-10	u2015-06-10-30	Hungarian parliamentary corpus ParlaMint-HU, legislative session of 2015 spring, meeting 36, day 3, 2015-06-10 [ParlaMint.ana]	2015-06-10	Unicameralism	7. ciklus	-	36. ülés	3. ülésnap	-	Reference	English	Chairperson	MP	notMinister	MSZP-frakció	Parliamentary group of the Hungarian Socialist Party in the 7th parliamentary term	Opposition	Centre-left	HillerIstvan	Hiller, István	M	1964	
ParlaMint-HU-en_2015-06-10	u2015-06-10-31	Hungarian parliamentary corpus ParlaMint-HU, legislative session of 2015 spring, meeting 36, day 3, 2015-06-10 [ParlaMint.ana]	2015-06-10	Unicameralism	7. ciklus	-	36. ülés	3. ülésnap	-	Reference	English	Regular	MP	notMinister	KNDP-frakció	Parliamentary group of the Christian Democratic People's Party in the 7th parliamentary term	Coalition	Right	SzaszfalviLaszlo	Szászfalvi, László	M	1961	
ParlaMint-HU-en_2015-06-10	u2015-06-10-32	Hungarian parliamentary corpus ParlaMint-HU, legislative session of 2015 spring, meeting 36, day 3, 2015-06-10 [ParlaMint.ana]	2015-06-10	Unicameralism	7. ciklus	-	36. ülés	3. ülésnap	-	Reference	English	Chairperson	MP	notMinister	MSZP-frakció	Parliamentary group of the Hungarian Socialist Party in the 7th parliamentary term	Opposition	Centre-left	HillerIstvan	Hiller, István	M	1964	
ParlaMint-HU-en_2015-06-10	u2015-06-10-33	Hungarian parliamentary corpus ParlaMint-HU, legislative session of 2015 spring, meeting 36, day 3, 2015-06-10 [ParlaMint.ana]	2015-06-10	Unicameralism	7. ciklus	-	36. ülés	3. ülésnap	-	Reference	English	Regular	MP	notMinister	KNDP-frakció	Parliamentary group of the Christian Democratic People's Party in the 7th parliamentary term	Coalition	Right	HarrachPeter	Harrach, Péter	M	1947	
ParlaMint-HU-en_2015-06-10	u2015-06-10-34	Hungarian parliamentary corpus ParlaMint-HU, legislative session of 2015 spring, meeting 36, day 3, 2015-06-10 [ParlaMint.ana]	2015-06-10	Unicameralism	7. ciklus	-	36. ülés	3. ülésnap	-	Reference	English	Chairperson	MP	notMinister	MSZP-frakció	Parliamentary group of the Hungarian Socialist Party in the 7th parliamentary term	Opposition	Centre-left	HillerIstvan	Hiller, István	M	1964	
ParlaMint-HU-en_2015-06-10	u2015-06-10-35	Hungarian parliamentary corpus ParlaMint-HU, legislative session of 2015 spring, meeting 36, day 3, 2015-06-10 [ParlaMint.ana]	2015-06-10	Unicameralism	7. ciklus	-	36. ülés	3. ülésnap	-	Reference	English	Regular	MP	notMinister	JOBBIK-frakció	Parliamentary group of the Movement for a Better Hungary in the 7th parliamentary term	Opposition	Centre-right	ZKarpatDaniel	Z. Kárpát, Dániel	M	1979	
ParlaMint-HU-en_2015-06-10	u2015-06-10-36	Hungarian parliamentary corpus ParlaMint-HU, legislative session of 2015 spring, meeting 36, day 3, 2015-06-10 [ParlaMint.ana]	2015-06-10	Unicameralism	7. ciklus	-	36. ülés	3. ülésnap	-	Reference	English	Chairperson	MP	notMinister	MSZP-frakció	Parliamentary group of the Hungarian Socialist Party in the 7th parliamentary term	Opposition	Centre-left	HillerIstvan	Hiller, István	M	1964	
ParlaMint-HU-en_2015-06-10	u2015-06-10-37	Hungarian parliamentary corpus ParlaMint-HU, legislative session of 2015 spring, meeting 36, day 3, 2015-06-10 [ParlaMint.ana]	2015-06-10	Unicameralism	7. ciklus	-	36. ülés	3. ülésnap	-	Reference	English	Regular	MP	notMinister	LMP-frakció	Parliamentary group of the Politics Can be Different in the 7th parliamentary term	Opposition	Centre to centre-left	SchmuckErzsebet	Schmuck, Erzsébet	F	1954	
ParlaMint-HU-en_2015-06-10	u2015-06-10-38	Hungarian parliamentary corpus ParlaMint-HU, legislative session of 2015 spring, meeting 36, day 3, 2015-06-10 [ParlaMint.ana]	2015-06-10	Unicameralism	7. ciklus	-	36. ülés	3. ülésnap	-	Reference	English	Chairperson	MP	notMinister	MSZP-frakció	Parliamentary group of the Hungarian Socialist Party in the 7th parliamentary term	Opposition	Centre-left	HillerIstvan	Hiller, István	M	1964	
ParlaMint-HU-en_2015-06-10	u2015-06-10-39	Hungarian parliamentary corpus ParlaMint-HU, legislative session of 2015 spring, meeting 36, day 3, 2015-06-10 [ParlaMint.ana]	2015-06-10	Unicameralism	7. ciklus	-	36. ülés	3. ülésnap	-	Reference	English	Regular	MP	notMinister	JOBBIK-frakció	Parliamentary group of the Movement for a Better Hungary in the 7th parliamentary term	Opposition	Centre-right	ZKarpatDaniel	Z. Kárpát, Dániel	M	1979	
ParlaMint-HU-en_2015-06-10	u2015-06-10-40	Hungarian parliamentary corpus ParlaMint-HU, legislative session of 2015 spring, meeting 36, day 3, 2015-06-10 [ParlaMint.ana]	2015-06-10	Unicameralism	7. ciklus	-	36. ülés	3. ülésnap	-	Reference	English	Chairperson	MP	notMinister	MSZP-frakció	Parliamentary group of the Hungarian Socialist Party in the 7th parliamentary term	Opposition	Centre-left	HillerIstvan	Hiller, István	M	1964	
ParlaMint-HU-en_2015-06-10	u2015-06-10-41	Hungarian parliamentary corpus ParlaMint-HU, legislative session of 2015 spring, meeting 36, day 3, 2015-06-10 [ParlaMint.ana]	2015-06-10	Unicameralism	7. ciklus	-	36. ülés	3. ülésnap	-	Reference	English	Regular	MP	notMinister	MSZP-frakció	Parliamentary group of the Hungarian Socialist Party in the 7th parliamentary term	Opposition	Centre-left	KorozsLajos	Korózs, Lajos	M	1958	
ParlaMint-HU-en_2015-06-10	u2015-06-10-42	Hungarian parliamentary corpus ParlaMint-HU, legislative session of 2015 spring, meeting 36, day 3, 2015-06-10 [ParlaMint.ana]	2015-06-10	Unicameralism	7. ciklus	-	36. ülés	3. ülésnap	-	Reference	English	Chairperson	MP	notMinister	MSZP-frakció	Parliamentary group of the Hungarian Socialist Party in the 7th parliamentary term	Opposition	Centre-left	HillerIstvan	Hiller, István	M	1964	
ParlaMint-HU-en_2015-06-10	u2015-06-10-43	Hungarian parliamentary corpus ParlaMint-HU, legislative session of 2015 spring, meeting 36, day 3, 2015-06-10 [ParlaMint.ana]	2015-06-10	Unicameralism	7. ciklus	-	36. ülés	3. ülésnap	-	Reference	English	Regular	MP	notMinister	KNDP-frakció	Parliamentary group of the Christian Democratic People's Party in the 7th parliamentary term	Coalition	Right	RetvariBence	Rétvári, Bence	M	1979	
ParlaMint-HU-en_2015-06-10	u2015-06-10-44	Hungarian parliamentary corpus ParlaMint-HU, legislative session of 2015 spring, meeting 36, day 3, 2015-06-10 [ParlaMint.ana]	2015-06-10	Unicameralism	7. ciklus	-	36. ülés	3. ülésnap	-	Reference	English	Chairperson	MP	notMinister	MSZP-frakció	Parliamentary group of the Hungarian Socialist Party in the 7th parliamentary term	Opposition	Centre-left	HillerIstvan	Hiller, István	M	1964	
ParlaMint-HU-en_2015-06-10	u2015-06-10-45	Hungarian parliamentary corpus ParlaMint-HU, legislative session of 2015 spring, meeting 36, day 3, 2015-06-10 [ParlaMint.ana]	2015-06-10	Unicameralism	7. ciklus	-	36. ülés	3. ülésnap	-	Reference	English	Regular	MP	notMinister	JOBBIK-frakció	Parliamentary group of the Movement for a Better Hungary in the 7th parliamentary term	Opposition	Centre-right	ZKarpatDaniel	Z. Kárpát, Dániel	M	1979	
ParlaMint-HU-en_2015-06-10	u2015-06-10-46	Hungarian parliamentary corpus ParlaMint-HU, legislative session of 2015 spring, meeting 36, day 3, 2015-06-10 [ParlaMint.ana]	2015-06-10	Unicameralism	7. ciklus	-	36. ülés	3. ülésnap	-	Reference	English	Chairperson	MP	notMinister	MSZP-frakció	Parliamentary group of the Hungarian Socialist Party in the 7th parliamentary term	Opposition	Centre-left	HillerIstvan	Hiller, István	M	1964	
ParlaMint-HU-en_2015-06-10	u2015-06-10-47	Hungarian parliamentary corpus ParlaMint-HU, legislative session of 2015 spring, meeting 36, day 3, 2015-06-10 [ParlaMint.ana]	2015-06-10	Unicameralism	7. ciklus	-	36. ülés	3. ülésnap	-	Reference	English	Regular	MP	notMinister	JOBBIK-frakció	Parliamentary group of the Movement for a Better Hungary in the 7th parliamentary term	Opposition	Centre-right	ZKarpatDaniel	Z. Kárpát, Dániel	M	1979	
ParlaMint-HU-en_2015-06-10	u2015-06-10-48	Hungarian parliamentary corpus ParlaMint-HU, legislative session of 2015 spring, meeting 36, day 3, 2015-06-10 [ParlaMint.ana]	2015-06-10	Unicameralism	7. ciklus	-	36. ülés	3. ülésnap	-	Reference	English	Chairperson	MP	notMinister	MSZP-frakció	Parliamentary group of the Hungarian Socialist Party in the 7th parliamentary term	Opposition	Centre-left	HillerIstvan	Hiller, István	M	1964	
ParlaMint-HU-en_2015-06-10	u2015-06-10-49	Hungarian parliamentary corpus ParlaMint-HU, legislative session of 2015 spring, meeting 36, day 3, 2015-06-10 [ParlaMint.ana]	2015-06-10	Unicameralism	7. ciklus	-	36. ülés	3. ülésnap	-	Reference	English	Regular	MP	notMinister	MSZP-frakció	Parliamentary group of the Hungarian Socialist Party in the 7th parliamentary term	Opposition	Centre-left	KorozsLajos	Korózs, Lajos	M	1958	
ParlaMint-HU-en_2015-06-10	u2015-06-10-50	Hungarian parliamentary corpus ParlaMint-HU, legislative session of 2015 spring, meeting 36, day 3, 2015-06-10 [ParlaMint.ana]	2015-06-10	Unicameralism	7. ciklus	-	36. ülés	3. ülésnap	-	Reference	English	Chairperson	MP	notMinister	MSZP-frakció	Parliamentary group of the Hungarian Socialist Party in the 7th parliamentary term	Opposition	Centre-left	HillerIstvan	Hiller, István	M	1964	
ParlaMint-HU-en_2015-06-10	u2015-06-10-51	Hungarian parliamentary corpus ParlaMint-HU, legislative session of 2015 spring, meeting 36, day 3, 2015-06-10 [ParlaMint.ana]	2015-06-10	Unicameralism	7. ciklus	-	36. ülés	3. ülésnap	-	Reference	English	Regular	MP	notMinister	LMP-frakció	Parliamentary group of the Politics Can be Different in the 7th parliamentary term	Opposition	Centre to centre-left	SallaiRBenedek	Sallai R., Benedek	M	1974	
ParlaMint-HU-en_2015-06-10	u2015-06-10-52	Hungarian parliamentary corpus ParlaMint-HU, legislative session of 2015 spring, meeting 36, day 3, 2015-06-10 [ParlaMint.ana]	2015-06-10	Unicameralism	7. ciklus	-	36. ülés	3. ülésnap	-	Reference	English	Chairperson	MP	notMinister	MSZP-frakció	Parliamentary group of the Hungarian Socialist Party in the 7th parliamentary term	Opposition	Centre-left	HillerIstvan	Hiller, István	M	1964	
ParlaMint-HU-en_2015-06-10	u2015-06-10-53	Hungarian parliamentary corpus ParlaMint-HU, legislative session of 2015 spring, meeting 36, day 3, 2015-06-10 [ParlaMint.ana]	2015-06-10	Unicameralism	7. ciklus	-	36. ülés	3. ülésnap	-	Reference	English	Regular	MP	notMinister	Fidesz	Fidesz – Hungarian Civic Alliance	-	Right to far-right	ReveszMariusz	Révész, Máriusz	M	1967	
ParlaMint-HU-en_2015-06-10	u2015-06-10-54	Hungarian parliamentary corpus ParlaMint-HU, legislative session of 2015 spring, meeting 36, day 3, 2015-06-10 [ParlaMint.ana]	2015-06-10	Unicameralism	7. ciklus	-	36. ülés	3. ülésnap	-	Reference	English	Chairperson	MP	notMinister	MSZP-frakció	Parliamentary group of the Hungarian Socialist Party in the 7th parliamentary term	Opposition	Centre-left	HillerIstvan	Hiller, István	M	1964	
ParlaMint-HU-en_2015-06-10	u2015-06-10-55	Hungarian parliamentary corpus ParlaMint-HU, legislative session of 2015 spring, meeting 36, day 3, 2015-06-10 [ParlaMint.ana]	2015-06-10	Unicameralism	7. ciklus	-	36. ülés	3. ülésnap	-	Reference	English	Regular	MP	notMinister	Fidesz	Fidesz – Hungarian Civic Alliance	-	Right to far-right	ReveszMariusz	Révész, Máriusz	M	1967	
ParlaMint-HU-en_2015-06-10	u2015-06-10-56	Hungarian parliamentary corpus ParlaMint-HU, legislative session of 2015 spring, meeting 36, day 3, 2015-06-10 [ParlaMint.ana]	2015-06-10	Unicameralism	7. ciklus	-	36. ülés	3. ülésnap	-	Reference	English	Chairperson	MP	notMinister	MSZP-frakció	Parliamentary group of the Hungarian Socialist Party in the 7th parliamentary term	Opposition	Centre-left	HillerIstvan	Hiller, István	M	1964	
ParlaMint-HU-en_2015-06-10	u2015-06-10-57	Hungarian parliamentary corpus ParlaMint-HU, legislative session of 2015 spring, meeting 36, day 3, 2015-06-10 [ParlaMint.ana]	2015-06-10	Unicameralism	7. ciklus	-	36. ülés	3. ülésnap	-	Reference	English	Regular	MP	notMinister	JOBBIK-frakció	Parliamentary group of the Movement for a Better Hungary in the 7th parliamentary term	Opposition	Centre-right	LukacsLaszloGyorgy	Lukács, László György	M	1983	
ParlaMint-HU-en_2015-06-10	u2015-06-10-58	Hungarian parliamentary corpus ParlaMint-HU, legislative session of 2015 spring, meeting 36, day 3, 2015-06-10 [ParlaMint.ana]	2015-06-10	Unicameralism	7. ciklus	-	36. ülés	3. ülésnap	-	Reference	English	Chairperson	MP	notMinister	MSZP-frakció	Parliamentary group of the Hungarian Socialist Party in the 7th parliamentary term	Opposition	Centre-left	HillerIstvan	Hiller, István	M	1964	
ParlaMint-HU-en_2015-06-10	u2015-06-10-59	Hungarian parliamentary corpus ParlaMint-HU, legislative session of 2015 spring, meeting 36, day 3, 2015-06-10 [ParlaMint.ana]	2015-06-10	Unicameralism	7. ciklus	-	36. ülés	3. ülésnap	-	Reference	English	Regular	MP	notMinister	JOBBIK-frakció	Parliamentary group of the Movement for a Better Hungary in the 7th parliamentary term	Opposition	Centre-right	LukacsLaszloGyorgy	Lukács, László György	M	1983	
ParlaMint-HU-en_2015-06-10	u2015-06-10-60	Hungarian parliamentary corpus ParlaMint-HU, legislative session of 2015 spring, meeting 36, day 3, 2015-06-10 [ParlaMint.ana]	2015-06-10	Unicameralism	7. ciklus	-	36. ülés	3. ülésnap	-	Reference	English	Chairperson	MP	notMinister	MSZP-frakció	Parliamentary group of the Hungarian Socialist Party in the 7th parliamentary term	Opposition	Centre-left	HillerIstvan	Hiller, István	M	1964	
ParlaMint-HU-en_2015-06-10	u2015-06-10-61	Hungarian parliamentary corpus ParlaMint-HU, legislative session of 2015 spring, meeting 36, day 3, 2015-06-10 [ParlaMint.ana]	2015-06-10	Unicameralism	7. ciklus	-	36. ülés	3. ülésnap	-	Reference	English	Regular	MP	notMinister	MSZP-frakció	Parliamentary group of the Hungarian Socialist Party in the 7th parliamentary term	Opposition	Centre-left	TelekiLaszlo	Teleki, László	M	1959	
ParlaMint-HU-en_2015-06-10	u2015-06-10-62	Hungarian parliamentary corpus ParlaMint-HU, legislative session of 2015 spring, meeting 36, day 3, 2015-06-10 [ParlaMint.ana]	2015-06-10	Unicameralism	7. ciklus	-	36. ülés	3. ülésnap	-	Reference	English	Chairperson	MP	notMinister	MSZP-frakció	Parliamentary group of the Hungarian Socialist Party in the 7th parliamentary term	Opposition	Centre-left	HillerIstvan	Hiller, István	M	1964	
ParlaMint-HU-en_2015-06-10	u2015-06-10-63	Hungarian parliamentary corpus ParlaMint-HU, legislative session of 2015 spring, meeting 36, day 3, 2015-06-10 [ParlaMint.ana]	2015-06-10	Unicameralism	7. ciklus	-	36. ülés	3. ülésnap	-	Reference	English	Regular	MP	notMinister	LMP-frakció	Parliamentary group of the Politics Can be Different in the 7th parliamentary term	Opposition	Centre to centre-left	SallaiRBenedek	Sallai R., Benedek	M	1974	
ParlaMint-HU-en_2015-06-10	u2015-06-10-64	Hungarian parliamentary corpus ParlaMint-HU, legislative session of 2015 spring, meeting 36, day 3, 2015-06-10 [ParlaMint.ana]	2015-06-10	Unicameralism	7. ciklus	-	36. ülés	3. ülésnap	-	Reference	English	Chairperson	MP	notMinister	MSZP-frakció	Parliamentary group of the Hungarian Socialist Party in the 7th parliamentary term	Opposition	Centre-left	HillerIstvan	Hiller, István	M	1964	
ParlaMint-HU-en_2015-06-10	u2015-06-10-65	Hungarian parliamentary corpus ParlaMint-HU, legislative session of 2015 spring, meeting 36, day 3, 2015-06-10 [ParlaMint.ana]	2015-06-10	Unicameralism	7. ciklus	-	36. ülés	3. ülésnap	-	Reference	English	Regular	MP	notMinister	JOBBIK-frakció	Parliamentary group of the Movement for a Better Hungary in the 7th parliamentary term	Opposition	Centre-right	ZKarpatDaniel	Z. Kárpát, Dániel	M	1979	
ParlaMint-HU-en_2015-06-10	u2015-06-10-66	Hungarian parliamentary corpus ParlaMint-HU, legislative session of 2015 spring, meeting 36, day 3, 2015-06-10 [ParlaMint.ana]	2015-06-10	Unicameralism	7. ciklus	-	36. ülés	3. ülésnap	-	Reference	English	Chairperson	MP	notMinister	MSZP-frakció	Parliamentary group of the Hungarian Socialist Party in the 7th parliamentary term	Opposition	Centre-left	HillerIstvan	Hiller, István	M	1964	
ParlaMint-HU-en_2015-06-10	u2015-06-10-67	Hungarian parliamentary corpus ParlaMint-HU, legislative session of 2015 spring, meeting 36, day 3, 2015-06-10 [ParlaMint.ana]	2015-06-10	Unicameralism	7. ciklus	-	36. ülés	3. ülésnap	-	Reference	English	Regular	MP	notMinister	Fidesz	Fidesz – Hungarian Civic Alliance	-	Right to far-right	ReveszMariusz	Révész, Máriusz	M	1967	
ParlaMint-HU-en_2015-06-10	u2015-06-10-68	Hungarian parliamentary corpus ParlaMint-HU, legislative session of 2015 spring, meeting 36, day 3, 2015-06-10 [ParlaMint.ana]	2015-06-10	Unicameralism	7. ciklus	-	36. ülés	3. ülésnap	-	Reference	English	Chairperson	MP	notMinister	MSZP-frakció	Parliamentary group of the Hungarian Socialist Party in the 7th parliamentary term	Opposition	Centre-left	HillerIstvan	Hiller, István	M	1964	
ParlaMint-HU-en_2015-06-10	u2015-06-10-69	Hungarian parliamentary corpus ParlaMint-HU, legislative session of 2015 spring, meeting 36, day 3, 2015-06-10 [ParlaMint.ana]	2015-06-10	Unicameralism	7. ciklus	-	36. ülés	3. ülésnap	-	Reference	English	Regular	MP	notMinister	LMP-frakció	Parliamentary group of the Politics Can be Different in the 7th parliamentary term	Opposition	Centre to centre-left	SallaiRBenedek	Sallai R., Benedek	M	1974	
ParlaMint-HU-en_2015-06-10	u2015-06-10-70	Hungarian parliamentary corpus ParlaMint-HU, legislative session of 2015 spring, meeting 36, day 3, 2015-06-10 [ParlaMint.ana]	2015-06-10	Unicameralism	7. ciklus	-	36. ülés	3. ülésnap	-	Reference	English	Chairperson	MP	notMinister	MSZP-frakció	Parliamentary group of the Hungarian Socialist Party in the 7th parliamentary term	Opposition	Centre-left	HillerIstvan	Hiller, István	M	1964	
ParlaMint-HU-en_2015-06-10	u2015-06-10-71	Hungarian parliamentary corpus ParlaMint-HU, legislative session of 2015 spring, meeting 36, day 3, 2015-06-10 [ParlaMint.ana]	2015-06-10	Unicameralism	7. ciklus	-	36. ülés	3. ülésnap	-	Reference	English	Regular	MP	notMinister	JOBBIK-frakció	Parliamentary group of the Movement for a Better Hungary in the 7th parliamentary term	Opposition	Centre-right	VolnerJanos	Volner, János	M	1969	
ParlaMint-HU-en_2015-06-10	u2015-06-10-72	Hungarian parliamentary corpus ParlaMint-HU, legislative session of 2015 spring, meeting 36, day 3, 2015-06-10 [ParlaMint.ana]	2015-06-10	Unicameralism	7. ciklus	-	36. ülés	3. ülésnap	-	Reference	English	Chairperson	MP	notMinister	MSZP-frakció	Parliamentary group of the Hungarian Socialist Party in the 7th parliamentary term	Opposition	Centre-left	HillerIstvan	Hiller, István	M	1964	
ParlaMint-HU-en_2015-06-10	u2015-06-10-73	Hungarian parliamentary corpus ParlaMint-HU, legislative session of 2015 spring, meeting 36, day 3, 2015-06-10 [ParlaMint.ana]	2015-06-10	Unicameralism	7. ciklus	-	36. ülés	3. ülésnap	-	Reference	English	Regular	MP	notMinister	JOBBIK-frakció	Parliamentary group of the Movement for a Better Hungary in the 7th parliamentary term	Opposition	Centre-right	ZKarpatDaniel	Z. Kárpát, Dániel	M	1979	
ParlaMint-HU-en_2015-06-10	u2015-06-10-74	Hungarian parliamentary corpus ParlaMint-HU, legislative session of 2015 spring, meeting 36, day 3, 2015-06-10 [ParlaMint.ana]	2015-06-10	Unicameralism	7. ciklus	-	36. ülés	3. ülésnap	-	Reference	English	Chairperson	MP	notMinister	MSZP-frakció	Parliamentary group of the Hungarian Socialist Party in the 7th parliamentary term	Opposition	Centre-left	HillerIstvan	Hiller, István	M	1964	
ParlaMint-HU-en_2015-06-10	u2015-06-10-75	Hungarian parliamentary corpus ParlaMint-HU, legislative session of 2015 spring, meeting 36, day 3, 2015-06-10 [ParlaMint.ana]	2015-06-10	Unicameralism	7. ciklus	-	36. ülés	3. ülésnap	-	Reference	English	Regular	MP	notMinister	JOBBIK-frakció	Parliamentary group of the Movement for a Better Hungary in the 7th parliamentary term	Opposition	Centre-right	LukacsLaszloGyorgy	Lukács, László György	M	1983	
ParlaMint-HU-en_2015-06-10	u2015-06-10-76	Hungarian parliamentary corpus ParlaMint-HU, legislative session of 2015 spring, meeting 36, day 3, 2015-06-10 [ParlaMint.ana]	2015-06-10	Unicameralism	7. ciklus	-	36. ülés	3. ülésnap	-	Reference	English	Chairperson	MP	notMinister	MSZP-frakció	Parliamentary group of the Hungarian Socialist Party in the 7th parliamentary term	Opposition	Centre-left	HillerIstvan	Hiller, István	M	1964	
ParlaMint-HU-en_2015-06-10	u2015-06-10-77	Hungarian parliamentary corpus ParlaMint-HU, legislative session of 2015 spring, meeting 36, day 3, 2015-06-10 [ParlaMint.ana]	2015-06-10	Unicameralism	7. ciklus	-	36. ülés	3. ülésnap	-	Reference	English	Regular	MP	notMinister	KNDP-frakció	Parliamentary group of the Christian Democratic People's Party in the 7th parliamentary term	Coalition	Right	VejkeyImre	Vejkey, Imre	M	1964	
ParlaMint-HU-en_2015-06-10	u2015-06-10-78	Hungarian parliamentary corpus ParlaMint-HU, legislative session of 2015 spring, meeting 36, day 3, 2015-06-10 [ParlaMint.ana]	2015-06-10	Unicameralism	7. ciklus	-	36. ülés	3. ülésnap	-	Reference	English	Chairperson	MP	notMinister	MSZP-frakció	Parliamentary group of the Hungarian Socialist Party in the 7th parliamentary term	Opposition	Centre-left	HillerIstvan	Hiller, István	M	1964	
ParlaMint-HU-en_2015-06-10	u2015-06-10-79	Hungarian parliamentary corpus ParlaMint-HU, legislative session of 2015 spring, meeting 36, day 3, 2015-06-10 [ParlaMint.ana]	2015-06-10	Unicameralism	7. ciklus	-	36. ülés	3. ülésnap	-	Reference	English	Guest	notMP	notMinister	-	-	-	-	OrbanGabor	Orbán, Gábor	M	1979	
ParlaMint-HU-en_2015-06-10	u2015-06-10-80	Hungarian parliamentary corpus ParlaMint-HU, legislative session of 2015 spring, meeting 36, day 3, 2015-06-10 [ParlaMint.ana]	2015-06-10	Unicameralism	7. ciklus	-	36. ülés	3. ülésnap	-	Reference	English	Chairperson	MP	notMinister	MSZP-frakció	Parliamentary group of the Hungarian Socialist Party in the 7th parliamentary term	Opposition	Centre-left	HillerIstvan	Hiller, István	M	1964	
ParlaMint-HU-en_2015-06-10	u2015-06-10-81	Hungarian parliamentary corpus ParlaMint-HU, legislative session of 2015 spring, meeting 36, day 3, 2015-06-10 [ParlaMint.ana]	2015-06-10	Unicameralism	7. ciklus	-	36. ülés	3. ülésnap	-	Reference	English	Regular	MP	notMinister	Fidesz-frakció	Parliamentary group of the Fidesz – Hungarian Civic Alliance in the 7th parliamentary term	Coalition	Right to far-right	BartosMonika	Bartos, Mónika	F	1975	
ParlaMint-HU-en_2015-06-10	u2015-06-10-82	Hungarian parliamentary corpus ParlaMint-HU, legislative session of 2015 spring, meeting 36, day 3, 2015-06-10 [ParlaMint.ana]	2015-06-10	Unicameralism	7. ciklus	-	36. ülés	3. ülésnap	-	Reference	English	Chairperson	MP	notMinister	MSZP-frakció	Parliamentary group of the Hungarian Socialist Party in the 7th parliamentary term	Opposition	Centre-left	HillerIstvan	Hiller, István	M	1964	
ParlaMint-HU-en_2015-06-10	u2015-06-10-83	Hungarian parliamentary corpus ParlaMint-HU, legislative session of 2015 spring, meeting 36, day 3, 2015-06-10 [ParlaMint.ana]	2015-06-10	Unicameralism	7. ciklus	-	36. ülés	3. ülésnap	-	Reference	English	Regular	MP	notMinister	MSZP-frakció	Parliamentary group of the Hungarian Socialist Party in the 7th parliamentary term	Opposition	Centre-left	SzakacsLaszlo	Szakács, László	M	1975	
ParlaMint-HU-en_2015-06-10	u2015-06-10-84	Hungarian parliamentary corpus ParlaMint-HU, legislative session of 2015 spring, meeting 36, day 3, 2015-06-10 [ParlaMint.ana]	2015-06-10	Unicameralism	7. ciklus	-	36. ülés	3. ülésnap	-	Reference	English	Chairperson	MP	notMinister	MSZP-frakció	Parliamentary group of the Hungarian Socialist Party in the 7th parliamentary term	Opposition	Centre-left	HillerIstvan	Hiller, István	M	1964	
ParlaMint-HU-en_2015-06-10	u2015-06-10-85	Hungarian parliamentary corpus ParlaMint-HU, legislative session of 2015 spring, meeting 36, day 3, 2015-06-10 [ParlaMint.ana]	2015-06-10	Unicameralism	7. ciklus	-	36. ülés	3. ülésnap	-	Reference	English	Regular	MP	notMinister	JOBBIK-frakció	Parliamentary group of the Movement for a Better Hungary in the 7th parliamentary term	Opposition	Centre-right	BanaTibor	Bana, Tibor	M	1985	
ParlaMint-HU-en_2015-06-10	u2015-06-10-86	Hungarian parliamentary corpus ParlaMint-HU, legislative session of 2015 spring, meeting 36, day 3, 2015-06-10 [ParlaMint.ana]	2015-06-10	Unicameralism	7. ciklus	-	36. ülés	3. ülésnap	-	Reference	English	Chairperson	MP	notMinister	MSZP-frakció	Parliamentary group of the Hungarian Socialist Party in the 7th parliamentary term	Opposition	Centre-left	HillerIstvan	Hiller, István	M	1964	
ParlaMint-HU-en_2015-06-10	u2015-06-10-87	Hungarian parliamentary corpus ParlaMint-HU, legislative session of 2015 spring, meeting 36, day 3, 2015-06-10 [ParlaMint.ana]	2015-06-10	Unicameralism	7. ciklus	-	36. ülés	3. ülésnap	-	Reference	English	Guest	notMP	notMinister	-	-	-	-	BanaiPeterBeno	Banai, Péter Benő	M	1974	
ParlaMint-HU-en_2015-06-10	u2015-06-10-88	Hungarian parliamentary corpus ParlaMint-HU, legislative session of 2015 spring, meeting 36, day 3, 2015-06-10 [ParlaMint.ana]	2015-06-10	Unicameralism	7. ciklus	-	36. ülés	3. ülésnap	-	Reference	English	Chairperson	MP	notMinister	MSZP-frakció	Parliamentary group of the Hungarian Socialist Party in the 7th parliamentary term	Opposition	Centre-left	HillerIstvan	Hiller, István	M	1964	
ParlaMint-HU-en_2015-06-10	u2015-06-10-89	Hungarian parliamentary corpus ParlaMint-HU, legislative session of 2015 spring, meeting 36, day 3, 2015-06-10 [ParlaMint.ana]	2015-06-10	Unicameralism	7. ciklus	-	36. ülés	3. ülésnap	-	Reference	English	Guest	notMP	notMinister	-	-	-	-	BanaiPeterBeno	Banai, Péter Benő	M	1974	
ParlaMint-HU-en_2015-06-10	u2015-06-10-90	Hungarian parliamentary corpus ParlaMint-HU, legislative session of 2015 spring, meeting 36, day 3, 2015-06-10 [ParlaMint.ana]	2015-06-10	Unicameralism	7. ciklus	-	36. ülés	3. ülésnap	-	Reference	English	Chairperson	MP	notMinister	JOBBIK-frakció	Parliamentary group of the Movement for a Better Hungary in the 7th parliamentary term	Opposition	Centre-right	SneiderTamas	Sneider, Tamás	M	1972	
ParlaMint-HU-en_2015-06-10	u2015-06-10-91	Hungarian parliamentary corpus ParlaMint-HU, legislative session of 2015 spring, meeting 36, day 3, 2015-06-10 [ParlaMint.ana]	2015-06-10	Unicameralism	7. ciklus	-	36. ülés	3. ülésnap	-	Reference	English	Regular	MP	notMinister	Fidesz-frakció	Parliamentary group of the Fidesz – Hungarian Civic Alliance in the 7th parliamentary term	Coalition	Right to far-right	WitzmannMihaly	Witzmann, Mihály	M	1977	
ParlaMint-HU-en_2015-06-10	u2015-06-10-92	Hungarian parliamentary corpus ParlaMint-HU, legislative session of 2015 spring, meeting 36, day 3, 2015-06-10 [ParlaMint.ana]	2015-06-10	Unicameralism	7. ciklus	-	36. ülés	3. ülésnap	-	Reference	English	Chairperson	MP	notMinister	JOBBIK-frakció	Parliamentary group of the Movement for a Better Hungary in the 7th parliamentary term	Opposition	Centre-right	SneiderTamas	Sneider, Tamás	M	1972	
ParlaMint-HU-en_2015-06-10	u2015-06-10-93	Hungarian parliamentary corpus ParlaMint-HU, legislative session of 2015 spring, meeting 36, day 3, 2015-06-10 [ParlaMint.ana]	2015-06-10	Unicameralism	7. ciklus	-	36. ülés	3. ülésnap	-	Reference	English	Regular	MP	notMinister	MSZP-frakció	Parliamentary group of the Hungarian Socialist Party in the 7th parliamentary term	Opposition	Centre-left	JozsaIstvan	Józsa, István	M	1953	
ParlaMint-HU-en_2015-06-10	u2015-06-10-94	Hungarian parliamentary corpus ParlaMint-HU, legislative session of 2015 spring, meeting 36, day 3, 2015-06-10 [ParlaMint.ana]	2015-06-10	Unicameralism	7. ciklus	-	36. ülés	3. ülésnap	-	Reference	English	Chairperson	MP	notMinister	JOBBIK-frakció	Parliamentary group of the Movement for a Better Hungary in the 7th parliamentary term	Opposition	Centre-right	SneiderTamas	Sneider, Tamás	M	1972	
ParlaMint-HU-en_2015-06-10	u2015-06-10-95	Hungarian parliamentary corpus ParlaMint-HU, legislative session of 2015 spring, meeting 36, day 3, 2015-06-10 [ParlaMint.ana]	2015-06-10	Unicameralism	7. ciklus	-	36. ülés	3. ülésnap	-	Reference	English	Regular	MP	notMinister	KNDP-frakció	Parliamentary group of the Christian Democratic People's Party in the 7th parliamentary term	Coalition	Right	HargitaiJanos	Hargitai, János	M	1958	
ParlaMint-HU-en_2015-06-10	u2015-06-10-96	Hungarian parliamentary corpus ParlaMint-HU, legislative session of 2015 spring, meeting 36, day 3, 2015-06-10 [ParlaMint.ana]	2015-06-10	Unicameralism	7. ciklus	-	36. ülés	3. ülésnap	-	Reference	English	Chairperson	MP	notMinister	JOBBIK-frakció	Parliamentary group of the Movement for a Better Hungary in the 7th parliamentary term	Opposition	Centre-right	SneiderTamas	Sneider, Tamás	M	1972	
ParlaMint-HU-en_2015-06-10	u2015-06-10-97	Hungarian parliamentary corpus ParlaMint-HU, legislative session of 2015 spring, meeting 36, day 3, 2015-06-10 [ParlaMint.ana]	2015-06-10	Unicameralism	7. ciklus	-	36. ülés	3. ülésnap	-	Reference	English	Regular	MP	notMinister	JOBBIK-frakció	Parliamentary group of the Movement for a Better Hungary in the 7th parliamentary term	Opposition	Centre-right	ZKarpatDaniel	Z. Kárpát, Dániel	M	1979	
ParlaMint-HU-en_2015-06-10	u2015-06-10-98	Hungarian parliamentary corpus ParlaMint-HU, legislative session of 2015 spring, meeting 36, day 3, 2015-06-10 [ParlaMint.ana]	2015-06-10	Unicameralism	7. ciklus	-	36. ülés	3. ülésnap	-	Reference	English	Chairperson	MP	notMinister	JOBBIK-frakció	Parliamentary group of the Movement for a Better Hungary in the 7th parliamentary term	Opposition	Centre-right	SneiderTamas	Sneider, Tamás	M	1972	
ParlaMint-HU-en_2015-06-10	u2015-06-10-99	Hungarian parliamentary corpus ParlaMint-HU, legislative session of 2015 spring, meeting 36, day 3, 2015-06-10 [ParlaMint.ana]	2015-06-10	Unicameralism	7. ciklus	-	36. ülés	3. ülésnap	-	Reference	English	Guest	notMP	notMinister	-	-	-	-	BanaiPeterBeno	Banai, Péter Benő	M	1974	
ParlaMint-HU-en_2015-06-10	u2015-06-10-100	Hungarian parliamentary corpus ParlaMint-HU, legislative session of 2015 spring, meeting 36, day 3, 2015-06-10 [ParlaMint.ana]	2015-06-10	Unicameralism	7. ciklus	-	36. ülés	3. ülésnap	-	Reference	English	Chairperson	MP	notMinister	JOBBIK-frakció	Parliamentary group of the Movement for a Better Hungary in the 7th parliamentary term	Opposition	Centre-right	SneiderTamas	Sneider, Tamás	M	1972	
ParlaMint-HU-en_2015-06-10	u2015-06-10-101	Hungarian parliamentary corpus ParlaMint-HU, legislative session of 2015 spring, meeting 36, day 3, 2015-06-10 [ParlaMint.ana]	2015-06-10	Unicameralism	7. ciklus	-	36. ülés	3. ülésnap	-	Reference	English	Regular	MP	notMinister	Fidesz-frakció	Parliamentary group of the Fidesz – Hungarian Civic Alliance in the 7th parliamentary term	Coalition	Right to far-right	CzervanGyorgy	Czerván, György	M	1959	
ParlaMint-HU-en_2015-06-10	u2015-06-10-102	Hungarian parliamentary corpus ParlaMint-HU, legislative session of 2015 spring, meeting 36, day 3, 2015-06-10 [ParlaMint.ana]	2015-06-10	Unicameralism	7. ciklus	-	36. ülés	3. ülésnap	-	Reference	English	Chairperson	MP	notMinister	JOBBIK-frakció	Parliamentary group of the Movement for a Better Hungary in the 7th parliamentary term	Opposition	Centre-right	SneiderTamas	Sneider, Tamás	M	1972	
ParlaMint-HU-en_2015-06-10	u2015-06-10-103	Hungarian parliamentary corpus ParlaMint-HU, legislative session of 2015 spring, meeting 36, day 3, 2015-06-10 [ParlaMint.ana]	2015-06-10	Unicameralism	7. ciklus	-	36. ülés	3. ülésnap	-	Reference	English	Regular	MP	notMinister	Fidesz-frakció	Parliamentary group of the Fidesz – Hungarian Civic Alliance in the 7th parliamentary term	Coalition	Right to far-right	PocsJanos	Pócs, János	M	1963	
ParlaMint-HU-en_2015-06-10	u2015-06-10-104	Hungarian parliamentary corpus ParlaMint-HU, legislative session of 2015 spring, meeting 36, day 3, 2015-06-10 [ParlaMint.ana]	2015-06-10	Unicameralism	7. ciklus	-	36. ülés	3. ülésnap	-	Reference	English	Chairperson	MP	notMinister	JOBBIK-frakció	Parliamentary group of the Movement for a Better Hungary in the 7th parliamentary term	Opposition	Centre-right	SneiderTamas	Sneider, Tamás	M	1972	
ParlaMint-HU-en_2015-06-10	u2015-06-10-105	Hungarian parliamentary corpus ParlaMint-HU, legislative session of 2015 spring, meeting 36, day 3, 2015-06-10 [ParlaMint.ana]	2015-06-10	Unicameralism	7. ciklus	-	36. ülés	3. ülésnap	-	Reference	English	Regular	MP	notMinister	KNDP-frakció	Parliamentary group of the Christian Democratic People's Party in the 7th parliamentary term	Coalition	Right	FoldiLaszlo	Földi, László	M	1952	
ParlaMint-HU-en_2015-06-10	u2015-06-10-106	Hungarian parliamentary corpus ParlaMint-HU, legislative session of 2015 spring, meeting 36, day 3, 2015-06-10 [ParlaMint.ana]	2015-06-10	Unicameralism	7. ciklus	-	36. ülés	3. ülésnap	-	Reference	English	Chairperson	MP	notMinister	JOBBIK-frakció	Parliamentary group of the Movement for a Better Hungary in the 7th parliamentary term	Opposition	Centre-right	SneiderTamas	Sneider, Tamás	M	1972	
ParlaMint-HU-en_2015-06-10	u2015-06-10-107	Hungarian parliamentary corpus ParlaMint-HU, legislative session of 2015 spring, meeting 36, day 3, 2015-06-10 [ParlaMint.ana]	2015-06-10	Unicameralism	7. ciklus	-	36. ülés	3. ülésnap	-	Reference	English	Regular	MP	notMinister	JOBBIK-frakció	Parliamentary group of the Movement for a Better Hungary in the 7th parliamentary term	Opposition	Centre-right	MagyarZoltan	Magyar, Zoltán	M	1982	
ParlaMint-HU-en_2015-06-10	u2015-06-10-108	Hungarian parliamentary corpus ParlaMint-HU, legislative session of 2015 spring, meeting 36, day 3, 2015-06-10 [ParlaMint.ana]	2015-06-10	Unicameralism	7. ciklus	-	36. ülés	3. ülésnap	-	Reference	English	Chairperson	MP	notMinister	JOBBIK-frakció	Parliamentary group of the Movement for a Better Hungary in the 7th parliamentary term	Opposition	Centre-right	SneiderTamas	Sneider, Tamás	M	1972	
ParlaMint-HU-en_2015-06-10	u2015-06-10-109	Hungarian parliamentary corpus ParlaMint-HU, legislative session of 2015 spring, meeting 36, day 3, 2015-06-10 [ParlaMint.ana]	2015-06-10	Unicameralism	7. ciklus	-	36. ülés	3. ülésnap	-	Reference	English	Regular	MP	notMinister	MSZP-frakció	Parliamentary group of the Hungarian Socialist Party in the 7th parliamentary term	Opposition	Centre-left	LegenyZsolt	Legény, Zsolt	M	1978	
ParlaMint-HU-en_2015-06-10	u2015-06-10-110	Hungarian parliamentary corpus ParlaMint-HU, legislative session of 2015 spring, meeting 36, day 3, 2015-06-10 [ParlaMint.ana]	2015-06-10	Unicameralism	7. ciklus	-	36. ülés	3. ülésnap	-	Reference	English	Chairperson	MP	notMinister	JOBBIK-frakció	Parliamentary group of the Movement for a Better Hungary in the 7th parliamentary term	Opposition	Centre-right	SneiderTamas	Sneider, Tamás	M	1972	
ParlaMint-HU-en_2015-06-10	u2015-06-10-111	Hungarian parliamentary corpus ParlaMint-HU, legislative session of 2015 spring, meeting 36, day 3, 2015-06-10 [ParlaMint.ana]	2015-06-10	Unicameralism	7. ciklus	-	36. ülés	3. ülésnap	-	Reference	English	Regular	MP	notMinister	Fidesz-frakció	Parliamentary group of the Fidesz – Hungarian Civic Alliance in the 7th parliamentary term	Coalition	Right to far-right	CzervanGyorgy	Czerván, György	M	1959	
ParlaMint-HU-en_2015-06-10	u2015-06-10-112	Hungarian parliamentary corpus ParlaMint-HU, legislative session of 2015 spring, meeting 36, day 3, 2015-06-10 [ParlaMint.ana]	2015-06-10	Unicameralism	7. ciklus	-	36. ülés	3. ülésnap	-	Reference	English	Chairperson	MP	notMinister	JOBBIK-frakció	Parliamentary group of the Movement for a Better Hungary in the 7th parliamentary term	Opposition	Centre-right	SneiderTamas	Sneider, Tamás	M	1972	
ParlaMint-HU-en_2015-06-10	u2015-06-10-113	Hungarian parliamentary corpus ParlaMint-HU, legislative session of 2015 spring, meeting 36, day 3, 2015-06-10 [ParlaMint.ana]	2015-06-10	Unicameralism	7. ciklus	-	36. ülés	3. ülésnap	-	Reference	English	Regular	MP	notMinister	Fidesz-frakció	Parliamentary group of the Fidesz – Hungarian Civic Alliance in the 7th parliamentary term	Coalition	Right to far-right	CzervanGyorgy	Czerván, György	M	1959	
ParlaMint-HU-en_2015-06-10	u2015-06-10-114	Hungarian parliamentary corpus ParlaMint-HU, legislative session of 2015 spring, meeting 36, day 3, 2015-06-10 [ParlaMint.ana]	2015-06-10	Unicameralism	7. ciklus	-	36. ülés	3. ülésnap	-	Reference	English	Chairperson	MP	notMinister	JOBBIK-frakció	Parliamentary group of the Movement for a Better Hungary in the 7th parliamentary term	Opposition	Centre-right	SneiderTamas	Sneider, Tamás	M	1972	
ParlaMint-HU-en_2015-06-10	u2015-06-10-115	Hungarian parliamentary corpus ParlaMint-HU, legislative session of 2015 spring, meeting 36, day 3, 2015-06-10 [ParlaMint.ana]	2015-06-10	Unicameralism	7. ciklus	-	36. ülés	3. ülésnap	-	Reference	English	Regular	MP	notMinister	Fidesz-frakció	Parliamentary group of the Fidesz – Hungarian Civic Alliance in the 7th parliamentary term	Coalition	Right to far-right	FontSandor	Font, Sándor	M	1960	
ParlaMint-HU-en_2015-06-10	u2015-06-10-116	Hungarian parliamentary corpus ParlaMint-HU, legislative session of 2015 spring, meeting 36, day 3, 2015-06-10 [ParlaMint.ana]	2015-06-10	Unicameralism	7. ciklus	-	36. ülés	3. ülésnap	-	Reference	English	Chairperson	MP	notMinister	JOBBIK-frakció	Parliamentary group of the Movement for a Better Hungary in the 7th parliamentary term	Opposition	Centre-right	SneiderTamas	Sneider, Tamás	M	1972	
ParlaMint-HU-en_2015-06-10	u2015-06-10-117	Hungarian parliamentary corpus ParlaMint-HU, legislative session of 2015 spring, meeting 36, day 3, 2015-06-10 [ParlaMint.ana]	2015-06-10	Unicameralism	7. ciklus	-	36. ülés	3. ülésnap	-	Reference	English	Regular	MP	notMinister	MSZP-frakció	Parliamentary group of the Hungarian Socialist Party in the 7th parliamentary term	Opposition	Centre-left	LegenyZsolt	Legény, Zsolt	M	1978	
ParlaMint-HU-en_2015-06-10	u2015-06-10-118	Hungarian parliamentary corpus ParlaMint-HU, legislative session of 2015 spring, meeting 36, day 3, 2015-06-10 [ParlaMint.ana]	2015-06-10	Unicameralism	7. ciklus	-	36. ülés	3. ülésnap	-	Reference	English	Chairperson	MP	notMinister	JOBBIK-frakció	Parliamentary group of the Movement for a Better Hungary in the 7th parliamentary term	Opposition	Centre-right	SneiderTamas	Sneider, Tamás	M	1972	
ParlaMint-HU-en_2015-06-10	u2015-06-10-119	Hungarian parliamentary corpus ParlaMint-HU, legislative session of 2015 spring, meeting 36, day 3, 2015-06-10 [ParlaMint.ana]	2015-06-10	Unicameralism	7. ciklus	-	36. ülés	3. ülésnap	-	Reference	English	Regular	MP	notMinister	KNDP-frakció	Parliamentary group of the Christian Democratic People's Party in the 7th parliamentary term	Coalition	Right	FoldiLaszlo	Földi, László	M	1952	
ParlaMint-HU-en_2015-06-10	u2015-06-10-120	Hungarian parliamentary corpus ParlaMint-HU, legislative session of 2015 spring, meeting 36, day 3, 2015-06-10 [ParlaMint.ana]	2015-06-10	Unicameralism	7. ciklus	-	36. ülés	3. ülésnap	-	Reference	English	Chairperson	MP	notMinister	JOBBIK-frakció	Parliamentary group of the Movement for a Better Hungary in the 7th parliamentary term	Opposition	Centre-right	SneiderTamas	Sneider, Tamás	M	1972	
ParlaMint-HU-en_2015-06-10	u2015-06-10-121	Hungarian parliamentary corpus ParlaMint-HU, legislative session of 2015 spring, meeting 36, day 3, 2015-06-10 [ParlaMint.ana]	2015-06-10	Unicameralism	7. ciklus	-	36. ülés	3. ülésnap	-	Reference	English	Regular	MP	notMinister	JOBBIK-frakció	Parliamentary group of the Movement for a Better Hungary in the 7th parliamentary term	Opposition	Centre-right	MagyarZoltan	Magyar, Zoltán	M	1982	
ParlaMint-HU-en_2015-06-10	u2015-06-10-122	Hungarian parliamentary corpus ParlaMint-HU, legislative session of 2015 spring, meeting 36, day 3, 2015-06-10 [ParlaMint.ana]	2015-06-10	Unicameralism	7. ciklus	-	36. ülés	3. ülésnap	-	Reference	English	Chairperson	MP	notMinister	JOBBIK-frakció	Parliamentary group of the Movement for a Better Hungary in the 7th parliamentary term	Opposition	Centre-right	SneiderTamas	Sneider, Tamás	M	1972	
ParlaMint-HU-en_2015-06-10	u2015-06-10-123	Hungarian parliamentary corpus ParlaMint-HU, legislative session of 2015 spring, meeting 36, day 3, 2015-06-10 [ParlaMint.ana]	2015-06-10	Unicameralism	7. ciklus	-	36. ülés	3. ülésnap	-	Reference	English	Regular	MP	notMinister	LMP-frakció	Parliamentary group of the Politics Can be Different in the 7th parliamentary term	Opposition	Centre to centre-left	SallaiRBenedek	Sallai R., Benedek	M	1974	
ParlaMint-HU-en_2015-06-10	u2015-06-10-124	Hungarian parliamentary corpus ParlaMint-HU, legislative session of 2015 spring, meeting 36, day 3, 2015-06-10 [ParlaMint.ana]	2015-06-10	Unicameralism	7. ciklus	-	36. ülés	3. ülésnap	-	Reference	English	Chairperson	MP	notMinister	JOBBIK-frakció	Parliamentary group of the Movement for a Better Hungary in the 7th parliamentary term	Opposition	Centre-right	SneiderTamas	Sneider, Tamás	M	1972	
ParlaMint-HU-en_2015-06-10	u2015-06-10-125	Hungarian parliamentary corpus ParlaMint-HU, legislative session of 2015 spring, meeting 36, day 3, 2015-06-10 [ParlaMint.ana]	2015-06-10	Unicameralism	7. ciklus	-	36. ülés	3. ülésnap	-	Reference	English	Regular	MP	notMinister	MSZP-frakció	Parliamentary group of the Hungarian Socialist Party in the 7th parliamentary term	Opposition	Centre-left	LegenyZsolt	Legény, Zsolt	M	1978	
ParlaMint-HU-en_2015-06-10	u2015-06-10-126	Hungarian parliamentary corpus ParlaMint-HU, legislative session of 2015 spring, meeting 36, day 3, 2015-06-10 [ParlaMint.ana]	2015-06-10	Unicameralism	7. ciklus	-	36. ülés	3. ülésnap	-	Reference	English	Chairperson	MP	notMinister	JOBBIK-frakció	Parliamentary group of the Movement for a Better Hungary in the 7th parliamentary term	Opposition	Centre-right	SneiderTamas	Sneider, Tamás	M	1972	
ParlaMint-HU-en_2015-06-10	u2015-06-10-127	Hungarian parliamentary corpus ParlaMint-HU, legislative session of 2015 spring, meeting 36, day 3, 2015-06-10 [ParlaMint.ana]	2015-06-10	Unicameralism	7. ciklus	-	36. ülés	3. ülésnap	-	Reference	English	Regular	MP	notMinister	Fidesz-frakció	Parliamentary group of the Fidesz – Hungarian Civic Alliance in the 7th parliamentary term	Coalition	Right to far-right	CzervanGyorgy	Czerván, György	M	1959	
ParlaMint-HU-en_2015-06-10	u2015-06-10-128	Hungarian parliamentary corpus ParlaMint-HU, legislative session of 2015 spring, meeting 36, day 3, 2015-06-10 [ParlaMint.ana]	2015-06-10	Unicameralism	7. ciklus	-	36. ülés	3. ülésnap	-	Reference	English	Chairperson	MP	notMinister	JOBBIK-frakció	Parliamentary group of the Movement for a Better Hungary in the 7th parliamentary term	Opposition	Centre-right	SneiderTamas	Sneider, Tamás	M	1972	
ParlaMint-HU-en_2015-06-10	u2015-06-10-129	Hungarian parliamentary corpus ParlaMint-HU, legislative session of 2015 spring, meeting 36, day 3, 2015-06-10 [ParlaMint.ana]	2015-06-10	Unicameralism	7. ciklus	-	36. ülés	3. ülésnap	-	Reference	English	Regular	MP	notMinister	Fidesz-frakció	Parliamentary group of the Fidesz – Hungarian Civic Alliance in the 7th parliamentary term	Coalition	Right to far-right	FontSandor	Font, Sándor	M	1960	
ParlaMint-HU-en_2015-06-10	u2015-06-10-130	Hungarian parliamentary corpus ParlaMint-HU, legislative session of 2015 spring, meeting 36, day 3, 2015-06-10 [ParlaMint.ana]	2015-06-10	Unicameralism	7. ciklus	-	36. ülés	3. ülésnap	-	Reference	English	Chairperson	MP	notMinister	JOBBIK-frakció	Parliamentary group of the Movement for a Better Hungary in the 7th parliamentary term	Opposition	Centre-right	SneiderTamas	Sneider, Tamás	M	1972	
ParlaMint-HU-en_2015-06-10	u2015-06-10-131	Hungarian parliamentary corpus ParlaMint-HU, legislative session of 2015 spring, meeting 36, day 3, 2015-06-10 [ParlaMint.ana]	2015-06-10	Unicameralism	7. ciklus	-	36. ülés	3. ülésnap	-	Reference	English	Regular	MP	notMinister	Fidesz-frakció	Parliamentary group of the Fidesz – Hungarian Civic Alliance in the 7th parliamentary term	Coalition	Right to far-right	CzervanGyorgy	Czerván, György	M	1959	
ParlaMint-HU-en_2015-06-10	u2015-06-10-132	Hungarian parliamentary corpus ParlaMint-HU, legislative session of 2015 spring, meeting 36, day 3, 2015-06-10 [ParlaMint.ana]	2015-06-10	Unicameralism	7. ciklus	-	36. ülés	3. ülésnap	-	Reference	English	Chairperson	MP	notMinister	JOBBIK-frakció	Parliamentary group of the Movement for a Better Hungary in the 7th parliamentary term	Opposition	Centre-right	SneiderTamas	Sneider, Tamás	M	1972	
ParlaMint-HU-en_2015-06-10	u2015-06-10-133	Hungarian parliamentary corpus ParlaMint-HU, legislative session of 2015 spring, meeting 36, day 3, 2015-06-10 [ParlaMint.ana]	2015-06-10	Unicameralism	7. ciklus	-	36. ülés	3. ülésnap	-	Reference	English	Regular	MP	notMinister	Fidesz-frakció	Parliamentary group of the Fidesz – Hungarian Civic Alliance in the 7th parliamentary term	Coalition	Right to far-right	PocsJanos	Pócs, János	M	1963	
ParlaMint-HU-en_2015-06-10	u2015-06-10-134	Hungarian parliamentary corpus ParlaMint-HU, legislative session of 2015 spring, meeting 36, day 3, 2015-06-10 [ParlaMint.ana]	2015-06-10	Unicameralism	7. ciklus	-	36. ülés	3. ülésnap	-	Reference	English	Chairperson	MP	notMinister	JOBBIK-frakció	Parliamentary group of the Movement for a Better Hungary in the 7th parliamentary term	Opposition	Centre-right	SneiderTamas	Sneider, Tamás	M	1972	
ParlaMint-HU-en_2015-06-10	u2015-06-10-135	Hungarian parliamentary corpus ParlaMint-HU, legislative session of 2015 spring, meeting 36, day 3, 2015-06-10 [ParlaMint.ana]	2015-06-10	Unicameralism	7. ciklus	-	36. ülés	3. ülésnap	-	Reference	English	Regular	MP	notMinister	JOBBIK-frakció	Parliamentary group of the Movement for a Better Hungary in the 7th parliamentary term	Opposition	Centre-right	MagyarZoltan	Magyar, Zoltán	M	1982	
ParlaMint-HU-en_2015-06-10	u2015-06-10-136	Hungarian parliamentary corpus ParlaMint-HU, legislative session of 2015 spring, meeting 36, day 3, 2015-06-10 [ParlaMint.ana]	2015-06-10	Unicameralism	7. ciklus	-	36. ülés	3. ülésnap	-	Reference	English	Chairperson	MP	notMinister	JOBBIK-frakció	Parliamentary group of the Movement for a Better Hungary in the 7th parliamentary term	Opposition	Centre-right	SneiderTamas	Sneider, Tamás	M	1972	
ParlaMint-HU-en_2015-06-10	u2015-06-10-137	Hungarian parliamentary corpus ParlaMint-HU, legislative session of 2015 spring, meeting 36, day 3, 2015-06-10 [ParlaMint.ana]	2015-06-10	Unicameralism	7. ciklus	-	36. ülés	3. ülésnap	-	Reference	English	Regular	MP	notMinister	MSZP-frakció	Parliamentary group of the Hungarian Socialist Party in the 7th parliamentary term	Opposition	Centre-left	LegenyZsolt	Legény, Zsolt	M	1978	
ParlaMint-HU-en_2015-06-10	u2015-06-10-138	Hungarian parliamentary corpus ParlaMint-HU, legislative session of 2015 spring, meeting 36, day 3, 2015-06-10 [ParlaMint.ana]	2015-06-10	Unicameralism	7. ciklus	-	36. ülés	3. ülésnap	-	Reference	English	Chairperson	MP	notMinister	JOBBIK-frakció	Parliamentary group of the Movement for a Better Hungary in the 7th parliamentary term	Opposition	Centre-right	SneiderTamas	Sneider, Tamás	M	1972	
ParlaMint-HU-en_2015-06-10	u2015-06-10-139	Hungarian parliamentary corpus ParlaMint-HU, legislative session of 2015 spring, meeting 36, day 3, 2015-06-10 [ParlaMint.ana]	2015-06-10	Unicameralism	7. ciklus	-	36. ülés	3. ülésnap	-	Reference	English	Regular	MP	notMinister	LMP-frakció	Parliamentary group of the Politics Can be Different in the 7th parliamentary term	Opposition	Centre to centre-left	SallaiRBenedek	Sallai R., Benedek	M	1974	
ParlaMint-HU-en_2015-06-10	u2015-06-10-140	Hungarian parliamentary corpus ParlaMint-HU, legislative session of 2015 spring, meeting 36, day 3, 2015-06-10 [ParlaMint.ana]	2015-06-10	Unicameralism	7. ciklus	-	36. ülés	3. ülésnap	-	Reference	English	Chairperson	MP	notMinister	JOBBIK-frakció	Parliamentary group of the Movement for a Better Hungary in the 7th parliamentary term	Opposition	Centre-right	SneiderTamas	Sneider, Tamás	M	1972	
ParlaMint-HU-en_2015-06-10	u2015-06-10-141	Hungarian parliamentary corpus ParlaMint-HU, legislative session of 2015 spring, meeting 36, day 3, 2015-06-10 [ParlaMint.ana]	2015-06-10	Unicameralism	7. ciklus	-	36. ülés	3. ülésnap	-	Reference	English	Regular	MP	notMinister	Fidesz-frakció	Parliamentary group of the Fidesz – Hungarian Civic Alliance in the 7th parliamentary term	Coalition	Right to far-right	FontSandor	Font, Sándor	M	1960	
ParlaMint-HU-en_2015-06-10	u2015-06-10-142	Hungarian parliamentary corpus ParlaMint-HU, legislative session of 2015 spring, meeting 36, day 3, 2015-06-10 [ParlaMint.ana]	2015-06-10	Unicameralism	7. ciklus	-	36. ülés	3. ülésnap	-	Reference	English	Chairperson	MP	notMinister	JOBBIK-frakció	Parliamentary group of the Movement for a Better Hungary in the 7th parliamentary term	Opposition	Centre-right	SneiderTamas	Sneider, Tamás	M	1972	
ParlaMint-HU-en_2015-06-10	u2015-06-10-143	Hungarian parliamentary corpus ParlaMint-HU, legislative session of 2015 spring, meeting 36, day 3, 2015-06-10 [ParlaMint.ana]	2015-06-10	Unicameralism	7. ciklus	-	36. ülés	3. ülésnap	-	Reference	English	Guest	notMP	notMinister	-	-	-	-	FuzikJanos	Fuzik, János	M	1957	
ParlaMint-HU-en_2015-06-10	u2015-06-10-144	Hungarian parliamentary corpus ParlaMint-HU, legislative session of 2015 spring, meeting 36, day 3, 2015-06-10 [ParlaMint.ana]	2015-06-10	Unicameralism	7. ciklus	-	36. ülés	3. ülésnap	-	Reference	English	Chairperson	MP	notMinister	JOBBIK-frakció	Parliamentary group of the Movement for a Better Hungary in the 7th parliamentary term	Opposition	Centre-right	SneiderTamas	Sneider, Tamás	M	1972	
ParlaMint-HU-en_2015-06-10	u2015-06-10-145	Hungarian parliamentary corpus ParlaMint-HU, legislative session of 2015 spring, meeting 36, day 3, 2015-06-10 [ParlaMint.ana]	2015-06-10	Unicameralism	7. ciklus	-	36. ülés	3. ülésnap	-	Reference	English	Guest	notMP	notMinister	-	-	-	-	TurgyanTamas	Turgyán, Tamás	M	1952	
ParlaMint-HU-en_2015-06-10	u2015-06-10-146	Hungarian parliamentary corpus ParlaMint-HU, legislative session of 2015 spring, meeting 36, day 3, 2015-06-10 [ParlaMint.ana]	2015-06-10	Unicameralism	7. ciklus	-	36. ülés	3. ülésnap	-	Reference	English	Chairperson	MP	notMinister	JOBBIK-frakció	Parliamentary group of the Movement for a Better Hungary in the 7th parliamentary term	Opposition	Centre-right	SneiderTamas	Sneider, Tamás	M	1972	
ParlaMint-HU-en_2015-06-10	u2015-06-10-147	Hungarian parliamentary corpus ParlaMint-HU, legislative session of 2015 spring, meeting 36, day 3, 2015-06-10 [ParlaMint.ana]	2015-06-10	Unicameralism	7. ciklus	-	36. ülés	3. ülésnap	-	Reference	English	Regular	MP	notMinister	Fidesz-frakció	Parliamentary group of the Fidesz – Hungarian Civic Alliance in the 7th parliamentary term	Coalition	Right to far-right	VasImre	Vas, Imre	M	1966	
ParlaMint-HU-en_2015-06-10	u2015-06-10-148	Hungarian parliamentary corpus ParlaMint-HU, legislative session of 2015 spring, meeting 36, day 3, 2015-06-10 [ParlaMint.ana]	2015-06-10	Unicameralism	7. ciklus	-	36. ülés	3. ülésnap	-	Reference	English	Chairperson	MP	notMinister	JOBBIK-frakció	Parliamentary group of the Movement for a Better Hungary in the 7th parliamentary term	Opposition	Centre-right	SneiderTamas	Sneider, Tamás	M	1972	
ParlaMint-HU-en_2015-06-10	u2015-06-10-149	Hungarian parliamentary corpus ParlaMint-HU, legislative session of 2015 spring, meeting 36, day 3, 2015-06-10 [ParlaMint.ana]	2015-06-10	Unicameralism	7. ciklus	-	36. ülés	3. ülésnap	-	Reference	English	Regular	MP	notMinister	KNDP-frakció	Parliamentary group of the Christian Democratic People's Party in the 7th parliamentary term	Coalition	Right	VejkeyImre	Vejkey, Imre	M	1964	
ParlaMint-HU-en_2015-06-10	u2015-06-10-150	Hungarian parliamentary corpus ParlaMint-HU, legislative session of 2015 spring, meeting 36, day 3, 2015-06-10 [ParlaMint.ana]	2015-06-10	Unicameralism	7. ciklus	-	36. ülés	3. ülésnap	-	Reference	English	Chairperson	MP	notMinister	JOBBIK-frakció	Parliamentary group of the Movement for a Better Hungary in the 7th parliamentary term	Opposition	Centre-right	SneiderTamas	Sneider, Tamás	M	1972	
ParlaMint-HU-en_2015-06-10	u2015-06-10-151	Hungarian parliamentary corpus ParlaMint-HU, legislative session of 2015 spring, meeting 36, day 3, 2015-06-10 [ParlaMint.ana]	2015-06-10	Unicameralism	7. ciklus	-	36. ülés	3. ülésnap	-	Reference	English	Regular	MP	notMinister	MSZP-frakció	Parliamentary group of the Hungarian Socialist Party in the 7th parliamentary term	Opposition	Centre-left	BarandyGergely	Bárándy, Gergely	M	1976	
ParlaMint-HU-en_2015-06-10	u2015-06-10-152	Hungarian parliamentary corpus ParlaMint-HU, legislative session of 2015 spring, meeting 36, day 3, 2015-06-10 [ParlaMint.ana]	2015-06-10	Unicameralism	7. ciklus	-	36. ülés	3. ülésnap	-	Reference	English	Chairperson	MP	notMinister	JOBBIK-frakció	Parliamentary group of the Movement for a Better Hungary in the 7th parliamentary term	Opposition	Centre-right	SneiderTamas	Sneider, Tamás	M	1972	
ParlaMint-HU-en_2015-06-10	u2015-06-10-153	Hungarian parliamentary corpus ParlaMint-HU, legislative session of 2015 spring, meeting 36, day 3, 2015-06-10 [ParlaMint.ana]	2015-06-10	Unicameralism	7. ciklus	-	36. ülés	3. ülésnap	-	Reference	English	Regular	MP	notMinister	JOBBIK-frakció	Parliamentary group of the Movement for a Better Hungary in the 7th parliamentary term	Opposition	Centre-right	FarkasGergely	Farkas, Gergely	M	1986	
ParlaMint-HU-en_2015-06-10	u2015-06-10-154	Hungarian parliamentary corpus ParlaMint-HU, legislative session of 2015 spring, meeting 36, day 3, 2015-06-10 [ParlaMint.ana]	2015-06-10	Unicameralism	7. ciklus	-	36. ülés	3. ülésnap	-	Reference	English	Chairperson	MP	notMinister	JOBBIK-frakció	Parliamentary group of the Movement for a Better Hungary in the 7th parliamentary term	Opposition	Centre-right	SneiderTamas	Sneider, Tamás	M	1972	
ParlaMint-HU-en_2015-06-10	u2015-06-10-155	Hungarian parliamentary corpus ParlaMint-HU, legislative session of 2015 spring, meeting 36, day 3, 2015-06-10 [ParlaMint.ana]	2015-06-10	Unicameralism	7. ciklus	-	36. ülés	3. ülésnap	-	Reference	English	Regular	MP	notMinister	Fidesz-frakció	Parliamentary group of the Fidesz – Hungarian Civic Alliance in the 7th parliamentary term	Coalition	Right to far-right	RepassyRobert	Répássy, Róbert	M	1968	
ParlaMint-HU-en_2015-06-10	u2015-06-10-156	Hungarian parliamentary corpus ParlaMint-HU, legislative session of 2015 spring, meeting 36, day 3, 2015-06-10 [ParlaMint.ana]	2015-06-10	Unicameralism	7. ciklus	-	36. ülés	3. ülésnap	-	Reference	English	Chairperson	MP	notMinister	JOBBIK-frakció	Parliamentary group of the Movement for a Better Hungary in the 7th parliamentary term	Opposition	Centre-right	SneiderTamas	Sneider, Tamás	M	1972	
ParlaMint-HU-en_2015-06-10	u2015-06-10-157	Hungarian parliamentary corpus ParlaMint-HU, legislative session of 2015 spring, meeting 36, day 3, 2015-06-10 [ParlaMint.ana]	2015-06-10	Unicameralism	7. ciklus	-	36. ülés	3. ülésnap	-	Reference	English	Regular	MP	notMinister	KNDP-frakció	Parliamentary group of the Christian Democratic People's Party in the 7th parliamentary term	Coalition	Right	VejkeyImre	Vejkey, Imre	M	1964	
ParlaMint-HU-en_2015-06-10	u2015-06-10-158	Hungarian parliamentary corpus ParlaMint-HU, legislative session of 2015 spring, meeting 36, day 3, 2015-06-10 [ParlaMint.ana]	2015-06-10	Unicameralism	7. ciklus	-	36. ülés	3. ülésnap	-	Reference	English	Chairperson	MP	notMinister	JOBBIK-frakció	Parliamentary group of the Movement for a Better Hungary in the 7th parliamentary term	Opposition	Centre-right	SneiderTamas	Sneider, Tamás	M	1972	
ParlaMint-HU-en_2015-06-10	u2015-06-10-159	Hungarian parliamentary corpus ParlaMint-HU, legislative session of 2015 spring, meeting 36, day 3, 2015-06-10 [ParlaMint.ana]	2015-06-10	Unicameralism	7. ciklus	-	36. ülés	3. ülésnap	-	Reference	English	Regular	MP	notMinister	Fidesz-frakció	Parliamentary group of the Fidesz – Hungarian Civic Alliance in the 7th parliamentary term	Coalition	Right to far-right	RepassyRobert	Répássy, Róbert	M	1968	
ParlaMint-HU-en_2015-06-10	u2015-06-10-160	Hungarian parliamentary corpus ParlaMint-HU, legislative session of 2015 spring, meeting 36, day 3, 2015-06-10 [ParlaMint.ana]	2015-06-10	Unicameralism	7. ciklus	-	36. ülés	3. ülésnap	-	Reference	English	Chairperson	MP	notMinister	JOBBIK-frakció	Parliamentary group of the Movement for a Better Hungary in the 7th parliamentary term	Opposition	Centre-right	SneiderTamas	Sneider, Tamás	M	1972	
ParlaMint-HU-en_2015-06-10	u2015-06-10-161	Hungarian parliamentary corpus ParlaMint-HU, legislative session of 2015 spring, meeting 36, day 3, 2015-06-10 [ParlaMint.ana]	2015-06-10	Unicameralism	7. ciklus	-	36. ülés	3. ülésnap	-	Reference	English	Regular	MP	notMinister	MSZP-frakció	Parliamentary group of the Hungarian Socialist Party in the 7th parliamentary term	Opposition	Centre-left	BarandyGergely	Bárándy, Gergely	M	1976	
ParlaMint-HU-en_2015-06-10	u2015-06-10-162	Hungarian parliamentary corpus ParlaMint-HU, legislative session of 2015 spring, meeting 36, day 3, 2015-06-10 [ParlaMint.ana]	2015-06-10	Unicameralism	7. ciklus	-	36. ülés	3. ülésnap	-	Reference	English	Chairperson	MP	notMinister	JOBBIK-frakció	Parliamentary group of the Movement for a Better Hungary in the 7th parliamentary term	Opposition	Centre-right	SneiderTamas	Sneider, Tamás	M	1972	
ParlaMint-HU-en_2015-06-10	u2015-06-10-163	Hungarian parliamentary corpus ParlaMint-HU, legislative session of 2015 spring, meeting 36, day 3, 2015-06-10 [ParlaMint.ana]	2015-06-10	Unicameralism	7. ciklus	-	36. ülés	3. ülésnap	-	Reference	English	Regular	MP	notMinister	JOBBIK-frakció	Parliamentary group of the Movement for a Better Hungary in the 7th parliamentary term	Opposition	Centre-right	SzilagyiGyorgy	Szilágyi, György	M	1966	
ParlaMint-HU-en_2015-06-10	u2015-06-10-164	Hungarian parliamentary corpus ParlaMint-HU, legislative session of 2015 spring, meeting 36, day 3, 2015-06-10 [ParlaMint.ana]	2015-06-10	Unicameralism	7. ciklus	-	36. ülés	3. ülésnap	-	Reference	English	Chairperson	MP	notMinister	JOBBIK-frakció	Parliamentary group of the Movement for a Better Hungary in the 7th parliamentary term	Opposition	Centre-right	SneiderTamas	Sneider, Tamás	M	1972	
ParlaMint-HU-en_2015-06-10	u2015-06-10-165	Hungarian parliamentary corpus ParlaMint-HU, legislative session of 2015 spring, meeting 36, day 3, 2015-06-10 [ParlaMint.ana]	2015-06-10	Unicameralism	7. ciklus	-	36. ülés	3. ülésnap	-	Reference	English	Guest	notMP	notMinister	-	-	-	-	FuzikJanos	Fuzik, János	M	1957	
ParlaMint-HU-en_2015-06-10	u2015-06-10-166	Hungarian parliamentary corpus ParlaMint-HU, legislative session of 2015 spring, meeting 36, day 3, 2015-06-10 [ParlaMint.ana]	2015-06-10	Unicameralism	7. ciklus	-	36. ülés	3. ülésnap	-	Reference	English	Chairperson	MP	notMinister	JOBBIK-frakció	Parliamentary group of the Movement for a Better Hungary in the 7th parliamentary term	Opposition	Centre-right	SneiderTamas	Sneider, Tamás	M	1972	
ParlaMint-HU-en_2015-06-10	u2015-06-10-167	Hungarian parliamentary corpus ParlaMint-HU, legislative session of 2015 spring, meeting 36, day 3, 2015-06-10 [ParlaMint.ana]	2015-06-10	Unicameralism	7. ciklus	-	36. ülés	3. ülésnap	-	Reference	English	Guest	notMP	notMinister	-	-	-	-	TurgyanTamas	Turgyán, Tamás	M	1952	
ParlaMint-HU-en_2015-06-10	u2015-06-10-168	Hungarian parliamentary corpus ParlaMint-HU, legislative session of 2015 spring, meeting 36, day 3, 2015-06-10 [ParlaMint.ana]	2015-06-10	Unicameralism	7. ciklus	-	36. ülés	3. ülésnap	-	Reference	English	Chairperson	MP	notMinister	JOBBIK-frakció	Parliamentary group of the Movement for a Better Hungary in the 7th parliamentary term	Opposition	Centre-right	SneiderTamas	Sneider, Tamás	M	1972	
ParlaMint-HU-en_2015-06-10	u2015-06-10-169	Hungarian parliamentary corpus ParlaMint-HU, legislative session of 2015 spring, meeting 36, day 3, 2015-06-10 [ParlaMint.ana]	2015-06-10	Unicameralism	7. ciklus	-	36. ülés	3. ülésnap	-	Reference	English	Regular	MP	notMinister	LMP-frakció	Parliamentary group of the Politics Can be Different in the 7th parliamentary term	Opposition	Centre to centre-left	SallaiRBenedek	Sallai R., Benedek	M	1974	
ParlaMint-HU-en_2015-06-10	u2015-06-10-170	Hungarian parliamentary corpus ParlaMint-HU, legislative session of 2015 spring, meeting 36, day 3, 2015-06-10 [ParlaMint.ana]	2015-06-10	Unicameralism	7. ciklus	-	36. ülés	3. ülésnap	-	Reference	English	Chairperson	MP	notMinister	JOBBIK-frakció	Parliamentary group of the Movement for a Better Hungary in the 7th parliamentary term	Opposition	Centre-right	SneiderTamas	Sneider, Tamás	M	1972	
ParlaMint-HU-en_2015-06-10	u2015-06-10-171	Hungarian parliamentary corpus ParlaMint-HU, legislative session of 2015 spring, meeting 36, day 3, 2015-06-10 [ParlaMint.ana]	2015-06-10	Unicameralism	7. ciklus	-	36. ülés	3. ülésnap	-	Reference	English	Regular	MP	notMinister	Fidesz-frakció	Parliamentary group of the Fidesz – Hungarian Civic Alliance in the 7th parliamentary term	Coalition	Right to far-right	RepassyRobert	Répássy, Róbert	M	1968	
ParlaMint-HU-en_2015-06-10	u2015-06-10-172	Hungarian parliamentary corpus ParlaMint-HU, legislative session of 2015 spring, meeting 36, day 3, 2015-06-10 [ParlaMint.ana]	2015-06-10	Unicameralism	7. ciklus	-	36. ülés	3. ülésnap	-	Reference	English	Chairperson	MP	notMinister	JOBBIK-frakció	Parliamentary group of the Movement for a Better Hungary in the 7th parliamentary term	Opposition	Centre-right	SneiderTamas	Sneider, Tamás	M	1972	
ParlaMint-HU-en_2015-06-10	u2015-06-10-173	Hungarian parliamentary corpus ParlaMint-HU, legislative session of 2015 spring, meeting 36, day 3, 2015-06-10 [ParlaMint.ana]	2015-06-10	Unicameralism	7. ciklus	-	36. ülés	3. ülésnap	-	Reference	English	Regular	MP	notMinister	JOBBIK-frakció	Parliamentary group of the Movement for a Better Hungary in the 7th parliamentary term	Opposition	Centre-right	MagyarZoltan	Magyar, Zoltán	M	1982	
ParlaMint-HU-en_2015-06-10	u2015-06-10-174	Hungarian parliamentary corpus ParlaMint-HU, legislative session of 2015 spring, meeting 36, day 3, 2015-06-10 [ParlaMint.ana]	2015-06-10	Unicameralism	7. ciklus	-	36. ülés	3. ülésnap	-	Reference	English	Chairperson	MP	notMinister	JOBBIK-frakció	Parliamentary group of the Movement for a Better Hungary in the 7th parliamentary term	Opposition	Centre-right	SneiderTamas	Sneider, Tamás	M	1972	
